contract_address,proxy,implementation,compiler_version,compiler_type,language,n_files,saved_dir,status,error,sourcecode_len,sourcecode_peek
0xa0a9215aec00c684cdbf46874d39338a6a0fd937,False,,v0.5.11+commit.c082d0b4,solc-m,,3,debug_fetch_bulk/0xa0a9215aec00c684cdbf46874d39338a6a0fd937,ok,,57436,"{""AssetSwap.sol"":{""content"":""pragma solidity ^0.5.11;\r\n\r\nimport \""./Book.sol\"";\r\nimport \""./Oracle.sol\"";\r\n\r\ncontract AssetSwap {\r\n\r\n    /** Sets up a new SwapMarket contract\r\n    * Th… (truncated)"
0xdffce99ae598d85a719a94809a7ff5dd31875c4b,False,,v0.8.18+commit.87f61d96,solc-m,,8,debug_fetch_bulk/0xdffce99ae598d85a719a94809a7ff5dd31875c4b,ok,,19765,"{""dsrAaveLoop.sol"":{""content"":""// SPDX-License-Identifier: BSL-1.1\n// Business Source License 1.1\n\n// License text copyright (c) 2017 MariaDB Corporation Ab, All Rights Reserved.\n// \""Business Sou… (truncated)"
0x618abd8ec016d219af645020b0ad59d590d7f5df,False,,v0.8.22+commit.4fc1097e,solc-m,,2,debug_fetch_bulk/0x618abd8ec016d219af645020b0ad59d590d7f5df,ok,,10788,"{""Bakery.sol"":{""content"":""// SPDX-License-Identifier: MIT\npragma solidity ^0.8.19;\n\nimport \""./Token.sol\"";\n\ncontract Bakery {\n\n\tstruct Info {\n\t\tToken[] tokens;\n\t\tmapping(address =\u003e… (truncated)"
0x8f30ce8d9c60f40b930c5206befdac740e970c4b,False,,v0.6.12+commit.27d51765,solc-m,,10,debug_fetch_bulk/0x8f30ce8d9c60f40b930c5206befdac740e970c4b,ok,,33734,"{""Address.sol"":{""content"":""pragma solidity ^0.6.12;\n// SPDX-License-Identifier: Unlicensed\n\nlibrary Address {\n\tfunction isContract(address account) internal view returns (bool) {\n\t\t// Accordin… (truncated)"
0x88bd6efe33bc82860278c044efa33364c6285032,False,,v0.6.11+commit.5ef660b1,solc-m,,79,debug_fetch_bulk/0x88bd6efe33bc82860278c044efa33364c6285032,ok,,341425,"{""AccessControl.sol"":{""content"":""// SPDX-License-Identifier: MIT\n\npragma solidity ^0.6.0;\n\nimport \""./EnumerableSet.sol\"";\nimport \""./Address.sol\"";\nimport \""./Context.sol\"";\n\n/**\n * @dev Con… (truncated)"
0x7bf63323dca63b02ff3cc1c105dc9943eb340371,False,,v0.8.7+commit.e28d00a7,solc-m,,5,debug_fetch_bulk/0x7bf63323dca63b02ff3cc1c105dc9943eb340371,ok,,45580,"{""Context.sol"":{""content"":""// SPDX-License-Identifier: MIT\n// OpenZeppelin Contracts v4.4.1 (utils/Context.sol)\n\npragma solidity ^0.8.0;\n\n/**\n * @dev Provides information about the current execu… (truncated)"
0xcba420f0b43c32a1d49851f6356a37de6ee8e288,False,,v0.8.16+commit.07a7930e,solc-m,,4,debug_fetch_bulk/0xcba420f0b43c32a1d49851f6356a37de6ee8e288,ok,,54907,"{""Dependencies.sol"":{""content"":""// SPDX-License-Identifier: MIT\n\npragma solidity ^0.8.0;\n\n/**\n * @dev Interface of the ERC165 standard, as defined in the\n * https://eips.ethereum.org/EIPS/eip-16… (truncated)"
0x2210cd898651b51acdbd1289d5144283dbe269ce,False,,v0.8.7+commit.e28d00a7,solc-m,,15,debug_fetch_bulk/0x2210cd898651b51acdbd1289d5144283dbe269ce,ok,,62778,"{""Address.sol"":{""content"":""// SPDX-License-Identifier: MIT\r\n\r\npragma solidity ^0.8.0;\r\n\r\n/**\r\n * @dev Collection of functions related to the address type\r\n */\r\nlibrary Address {\r\n    /… (truncated)"
0x38a5cf926a0b9b5fe3a265c57d184ad8c0af05b6,False,,v0.4.18+commit.9cf6e910,solc-m,,14,debug_fetch_bulk/0x38a5cf926a0b9b5fe3a265c57d184ad8c0af05b6,ok,,43788,"{""ERC20Interface.sol"":{""content"":""pragma solidity 0.4.18;\n\n\n// https://github.com/ethereum/EIPs/issues/20\ninterface ERC20 {\n    function totalSupply() public view returns (uint supply);\n    func… (truncated)"
0x42526f7a2ae145e3c3707fd4962073ab51ec7d44,False,,v0.7.4+commit.3f05b770,solc-m,,51,debug_fetch_bulk/0x42526f7a2ae145e3c3707fd4962073ab51ec7d44,ok,,146406,"{""Address.sol"":{""content"":""// SPDX-License-Identifier: J-J-J-JENGA!!!\r\npragma solidity ^0.7.4;\r\n\r\n/**\r\n * @dev Collection of functions related to the address type\r\n */\r\nlibrary Address {\r… (truncated)"
0x6bd5597eea88e7c85f13fb6ae90265459b26d10f,False,,v0.8.16+commit.07a7930e,solc-m,,12,debug_fetch_bulk/0x6bd5597eea88e7c85f13fb6ae90265459b26d10f,ok,,68513,"{""Address.sol"":{""content"":""// SPDX-License-Identifier: MIT\r\n// OpenZeppelin Contracts (last updated v4.8.0) (utils/Address.sol)\r\n\r\npragma solidity ^0.8.1;\r\n\r\n/**\r\n * @dev Collection of fun… (truncated)"
0xd03a329e6a1f05d0c797215a82e8f0e14f241d4b,False,,v0.6.12+commit.27d51765,solc-m,,4,debug_fetch_bulk/0xd03a329e6a1f05d0c797215a82e8f0e14f241d4b,ok,,13040,"{""interfaces.sol"":{""content"":""pragma solidity ^0.6.12;\n\ninterface DaiErc20 {\n    function transfer(address, uint) external returns (bool);\n    function transferFrom(address,address,uint256) extern… (truncated)"
0x63433d7aba758e10255de543e0ea9616ac391bac,False,,v0.8.12+commit.f00d7308,solc-m,,14,debug_fetch_bulk/0x63433d7aba758e10255de543e0ea9616ac391bac,ok,,57453,"{""Address.sol"":{""content"":""// SPDX-License-Identifier: MIT\r\n// OpenZeppelin Contracts v4.4.1 (utils/Address.sol)\r\n\r\npragma solidity ^0.8.11;\r\n\r\n/**\r\n * @dev Collection of functions related… (truncated)"
0x013c66b6734f6af43b9ee2e8a8bc5138f9ae5557,False,,v0.6.12+commit.27d51765,solc-m,,29,debug_fetch_bulk/0x013c66b6734f6af43b9ee2e8a8bc5138f9ae5557,ok,,231309,"{""Context.sol"":{""content"":""// SPDX-License-Identifier: MIT\n\npragma solidity ^0.6.0;\n\n/*\n * @dev Provides information about the current execution context, including the\n * sender of the transacti… (truncated)"
0x4db3d57e3cf3aecc6c856c42271c2cea5233e625,False,,v0.5.16+commit.9c3226ce,solc-m,,2,debug_fetch_bulk/0x4db3d57e3cf3aecc6c856c42271c2cea5233e625,ok,,31529,"{""FrogStats.sol"":{""content"":""pragma solidity 0.5.16;\r\n\r\nimport \u0027./library.sol\u0027;\r\n\r\ncontract FrogStats is Ownable {\r\n    using SafeMath for uint256;\r\n\r\n    IERC20 public frog = … (truncated)"
0x2b67221412d64377749e62348f4d7e7baf9b7a4a,False,,v0.8.0+commit.c7dfd78e,solc-m,,18,debug_fetch_bulk/0x2b67221412d64377749e62348f4d7e7baf9b7a4a,ok,,84618,"{""Address.sol"":{""content"":""// SPDX-License-Identifier: MIT\r\n\r\npragma solidity ^0.8.0;\r\n\r\n/**\r\n * @dev Collection of functions related to the address type\r\n */\r\nlibrary Address {\r\n    /… (truncated)"
0xd26018164e49096e7a24b5275dcafa3ecf12ba4c,False,,v0.5.0+commit.1d4f565a,solc-m,,4,debug_fetch_bulk/0xd26018164e49096e7a24b5275dcafa3ecf12ba4c,ok,,19991,"{""Context.sol"":{""content"":""pragma solidity ^0.5.0;\n\n/*\n * @dev Provides information about the current execution context, including the\n * sender of the transaction and its data. While these are ge… (truncated)"
0xbfdd331f7193729a33159e9309f95281c931c7de,False,,v0.8.7+commit.e28d00a7,solc-m,,5,debug_fetch_bulk/0xbfdd331f7193729a33159e9309f95281c931c7de,ok,,45959,"{""Context.sol"":{""content"":""// SPDX-License-Identifier: MIT\n// OpenZeppelin Contracts v4.4.1 (utils/Context.sol)\n\npragma solidity ^0.8.0;\n\n/**\n * @dev Provides information about the current execu… (truncated)"
0xec9a83b15623b7789be643fccf69a1ca45262e36,False,,v0.8.7+commit.e28d00a7,solc-m,,13,debug_fetch_bulk/0xec9a83b15623b7789be643fccf69a1ca45262e36,ok,,58284,"{""Address.sol"":{""content"":""// SPDX-License-Identifier: MIT\n\npragma solidity ^0.8.0;\n\n/**\n * @dev Collection of functions related to the address type\n */\nlibrary Address {\n    /**\n     * @dev … (truncated)"
0x95f5537bd334155ac80d5c9611969d4bf1a73e3b,False,,v0.6.12+commit.27d51765,solc-m,,64,debug_fetch_bulk/0x95f5537bd334155ac80d5c9611969d4bf1a73e3b,ok,,309877,"{""Address.sol"":{""content"":""// SPDX-License-Identifier: agpl-3.0\r\npragma solidity 0.6.12;\r\n\r\n/**\r\n * @dev Collection of functions related to the address type\r\n */\r\nlibrary Address {\r\n  /*… (truncated)"
0xd9d06979c87ef200538181a21503553abf0634cb,False,,v0.8.1+commit.df193b15,solc-m,,17,debug_fetch_bulk/0xd9d06979c87ef200538181a21503553abf0634cb,ok,,67173,"{""Address.sol"":{""content"":""// SPDX-License-Identifier: MIT\n\npragma solidity ^0.8.0;\n\n/**\n * @dev Collection of functions related to the address type\n */\nlibrary Address {\n    /**\n     * @dev … (truncated)"
0xa205d797243126f312ae63bb0a5ea9a32fb14f41,False,,v0.6.12+commit.27d51765,solc-m,,5,debug_fetch_bulk/0xa205d797243126f312ae63bb0a5ea9a32fb14f41,ok,,40043,"{""Address.sol"":{""content"":""// SPDX-License-Identifier: MIT\r\n\r\npragma solidity ^0.6.2;\r\n\r\n/**\r\n * @dev Collection of functions related to the address type\r\n */\r\nlibrary Address {\r\n    /… (truncated)"
0x470c27a0ed83f44b09acae49e6ceffd1c7faa6f0,False,,v0.8.1+commit.df193b15,solc-m,,13,debug_fetch_bulk/0x470c27a0ed83f44b09acae49e6ceffd1c7faa6f0,ok,,60214,"{""Address.sol"":{""content"":""// SPDX-License-Identifier: MIT\n// OpenZeppelin Contracts (last updated v4.7.0) (utils/Address.sol)\n\npragma solidity ^0.8.1;\n\n/**\n * @dev Collection of functions relat… (truncated)"
0x08c3a887865684f30351a0ba6d683aa9b539829a,False,,v0.5.7+commit.6da8b019,solc-m,,31,debug_fetch_bulk/0x08c3a887865684f30351a0ba6d683aa9b539829a,ok,,479159,"{""Claims.sol"":{""content"":""/* Copyright (C) 2017 NexusMutual.io\r\n\r\n  This program is free software: you can redistribute it and/or modify\r\n    it under the terms of the GNU General Public License… (truncated)"
0xcbb90d8a6b10a09ebf363ccdecb96aa3c4a37f32,False,,v0.8.0+commit.c7dfd78e,solc-m,,4,debug_fetch_bulk/0xcbb90d8a6b10a09ebf363ccdecb96aa3c4a37f32,ok,,17467,"{""Context.sol"":{""content"":""// SPDX-License-Identifier: MIT\r\n// OpenZeppelin Contracts v4.4.1 (utils/Context.sol)\r\n\r\npragma solidity ^0.8.0;\r\n\r\n/**\r\n * @dev Provides information about the c… (truncated)"
0x8717e787f314ff2870e8230da9c11eb3ec67813d,False,,v0.8.11+commit.d7f03943,solc-m,,13,debug_fetch_bulk/0x8717e787f314ff2870e8230da9c11eb3ec67813d,ok,,50175,"{""Address.sol"":{""content"":""// SPDX-License-Identifier: MIT\n// OpenZeppelin Contracts v4.4.1 (utils/Address.sol)\n\npragma solidity ^0.8.1;\n\n/**\n * @dev Collection of functions related to the addre… (truncated)"
0x83afd697144408c344ce2271ce16f33a74b3d98b,False,,v0.4.24+commit.e67f0147,solc-m,,19,debug_fetch_bulk/0x83afd697144408c344ce2271ce16f33a74b3d98b,ok,,126301,"{""BimodalLib.sol"":{""content"":""pragma solidity ^0.4.24;\n\nimport \""./ERC20.sol\"";\nimport \""./SafeMathLib256.sol\"";\n\n/**\n * This library defines the bi-modal commit-chain ledger. It provides data\n… (truncated)"
0xd539a3a5edb713e6587e559a9d007ffff92bd9ab,False,,v0.8.0+commit.c7dfd78e,solc-m,,14,debug_fetch_bulk/0xd539a3a5edb713e6587e559a9d007ffff92bd9ab,ok,,48760,"{""Address.sol"":{""content"":""pragma solidity ^0.8.0;\n\n/**\n * @dev Collection of functions related to the address type\n */\nlibrary Address {\n    /**\n     * @dev Returns true if `account` is a cont… (truncated)"
0x0d631e48f63c4d014667920d4a5a171a5ab792da,False,,v0.8.8+commit.dddeac2f,solc-m,,17,debug_fetch_bulk/0x0d631e48f63c4d014667920d4a5a171a5ab792da,ok,,57715,"{""Address.sol"":{""content"":""// SPDX-License-Identifier: MIT\r\n\r\n// source https://github.com/OpenZeppelin/openzeppelin-contracts/blob/master/contracts/utils/Address.sol\r\n\r\npragma solidity ^0.8.8… (truncated)"
0xb66a6c742a326876e1d826d8369a645d23009726,False,,v0.7.6+commit.7338295f,solc-m,,20,debug_fetch_bulk/0xb66a6c742a326876e1d826d8369a645d23009726,ok,,50745,"{""Admin.sol"":{""content"":""/* SPDX-License-Identifier: MIT */\npragma solidity ^0.7.0;\n\nimport \""./AdminInterface.sol\"";\n\n/**\n * @title Admin\n * @author Paul Razvan Berg\n * @notice Contract modul… (truncated)"
0xc2d14f90401335725f6687eddb5e8143d97d563e,False,,v0.8.13+commit.abaa5c0e,solc-m,,8,debug_fetch_bulk/0xc2d14f90401335725f6687eddb5e8143d97d563e,ok,,38173,"{""Address.sol"":{""content"":""// SPDX-License-Identifier: MIT\n// OpenZeppelin Contracts v4.4.1 (utils/Address.sol)\n\npragma solidity ^0.8.13;\n\n/**\n * @dev Collection of functions related to the addr… (truncated)"
0xa991de6a15de61d2f80d03a340a7d0ffc805b8ec,False,,v0.8.2+commit.661d1103,solc-m,,13,debug_fetch_bulk/0xa991de6a15de61d2f80d03a340a7d0ffc805b8ec,ok,,96082,"{""Address.sol"":{""content"":""\n\n// SPDX-License-Identifier: MIT\n// OpenZeppelin Contracts v4.4.1 (utils/Address.sol)\npragma solidity ^0.8.0;\n\n/**\n * @dev Collection of functions related to the add… (truncated)"
0xb8bcc3a26bfbcd8de49873cf8814fea611db8c6e,False,,v0.8.0+commit.c7dfd78e,solc-m,,18,debug_fetch_bulk/0xb8bcc3a26bfbcd8de49873cf8814fea611db8c6e,ok,,79211,"{""Context.sol"":{""content"":""// SPDX-License-Identifier: MIT\r\n\r\npragma solidity ^0.8.0;\r\n\r\n/*\r\n * @dev Provides information about the current execution context, including the\r\n * sender of t… (truncated)"
0xcd0a0d136726473cea82505f5a6d5fae64c3615d,False,,v0.6.5+commit.f956cc89,solc-m,,9,debug_fetch_bulk/0xcd0a0d136726473cea82505f5a6d5fae64c3615d,ok,,43896,"{""Address.sol"":{""content"":""// SPDX-License-Identifier: MIT\r\n// Creator: OpenZeppelin\r\n\r\npragma solidity ^0.6.5;\r\n\r\n/**\r\n * @dev Collection of functions related to the address type\r\n */\r… (truncated)"
0x60f6861dc70857220cd76a041d8ba1ee069e75a5,False,,v0.5.16+commit.9c3226ce,solc-m,,4,debug_fetch_bulk/0x60f6861dc70857220cd76a041d8ba1ee069e75a5,ok,,16020,"{""Ownable.sol"":{""content"":""pragma solidity = 0.5.16;\n\ncontract Ownable {\n\n    address private _owner;\n\n    event OwnershipTransferred(address indexed previousOwner, address indexed newOwner);\n\… (truncated)"
0x5b1cdafd83de6439bedfb922089eed634e28f1da,False,,v0.8.7+commit.e28d00a7,solc-m,,14,debug_fetch_bulk/0x5b1cdafd83de6439bedfb922089eed634e28f1da,ok,,72682,"{""Address.sol"":{""content"":""// SPDX-License-Identifier: MIT\n// OpenZeppelin Contracts v4.4.1 (utils/Address.sol)\n\npragma solidity ^0.8.0;\n\n/**\n * @dev Collection of functions related to the addre… (truncated)"
0x3db39e4ddca12d7cdad10f5eb548f893df773a7b,False,,v0.6.12+commit.27d51765,solc-m,,62,debug_fetch_bulk/0x3db39e4ddca12d7cdad10f5eb548f893df773a7b,ok,,287689,"{""AccessControl.sol"":{""content"":""// SPDX-License-Identifier: MIT\n\npragma solidity \u003e=0.6.0 \u003c0.8.0;\n\nimport \""./EnumerableSet.sol\"";\nimport \""./Address.sol\"";\nimport \""./Context.sol\"";\n… (truncated)"
0x547497876f4850579061811e847931223b478c23,False,,v0.7.6+commit.7338295f,solc-m,,16,debug_fetch_bulk/0x547497876f4850579061811e847931223b478c23,ok,,71993,"{""Address.sol"":{""content"":""// SPDX-License-Identifier: MIT\npragma solidity 0.7.6;\n\n/**\n * @dev Collection of functions related to the address type\n */\nlibrary Address {\n    /**\n     * @dev Ret… (truncated)"
0x6a0ecf6075dcc9fbcabf8c2484f82f282a8ba766,False,,v0.6.4+commit.1dca32f3,solc-m,,2,debug_fetch_bulk/0x6a0ecf6075dcc9fbcabf8c2484f82f282a8ba766,ok,,15436,"{""SafeMath.sol"":{""content"":""pragma solidity 0.6.4;\r\n\r\n/**\r\n * @dev Wrappers over Solidity\u0027s arithmetic operations with added overflow\r\n * checks.\r\n *\r\n * Arithmetic operations in Soli… (truncated)"
0xfeeeed69330cd31352c76e8f0c084f888bfbd5da,False,,v0.8.15+commit.e14f2714,solc-m,,4,debug_fetch_bulk/0xfeeeed69330cd31352c76e8f0c084f888bfbd5da,ok,,19188,"{""Context.sol"":{""content"":""// SPDX-License-Identifier: MIT\n\npragma solidity ^0.8.9;\n\n/**\n * @dev Provides information about the current execution context, including the\n * sender of the transact… (truncated)"
0x918eb1c939d699f7161eec29293ca4e34124f16f,False,,v0.6.12+commit.27d51765,solc-m,,7,debug_fetch_bulk/0x918eb1c939d699f7161eec29293ca4e34124f16f,ok,,43104,"{""Address.sol"":{""content"":""// SPDX-License-Identifier: MIT\n\npragma solidity ^0.6.2;\n\n/**\n * @dev Collection of functions related to the address type\n */\nlibrary Address {\n    /**\n     * @dev … (truncated)"
0x25690fa3c039729e9fe9da0a2a2866d7960f4d68,False,,v0.7.0+commit.9e61f92b,solc-m,,12,debug_fetch_bulk/0x25690fa3c039729e9fe9da0a2a2866d7960f4d68,ok,,69271,"{""Declaration.sol"":{""content"":""// SPDX-License-Identifier: --?--\n\npragma solidity =0.7.0;\n\nimport \""./Global.sol\"";\n\ninterface IUniswapV2Factory {\n\n    function createPair(\n        address to… (truncated)"
0xe9d6721a3f109dc1b6117fb34c03aaf877aa2289,False,,v0.5.17+commit.d19bba13,solc-m,,3,debug_fetch_bulk/0xe9d6721a3f109dc1b6117fb34c03aaf877aa2289,ok,,25117,"{""Global_VSC.sol"":{""content"":""pragma solidity ^0.5.16;\n\nimport \""./SafeMath.sol\"";\nimport \""./token.sol\"";\n\ncontract Global_VSC {\n\n    constructor(address paxtoken) public{\n        token = PAX… (truncated)"
0xa3e7572464a9ea929abed223d2b7567abe8c93a7,False,,v0.4.26+commit.4563c3fc,solc-m,,3,debug_fetch_bulk/0xa3e7572464a9ea929abed223d2b7567abe8c93a7,ok,,4836,"{""Owned.sol"":{""content"":""pragma solidity \u003e=0.4.22 \u003c0.6.0;\n\ncontract Owned {\n    address owner;\n    address newOwner;\n\n    constructor() internal {\n        owner = msg.sender;\n    }\n… (truncated)"
0xb387125ad4ccbbf1ad04ff5ffbfb4599a81e1cd0,False,,v0.5.16+commit.9c3226ce,solc-m,,12,debug_fetch_bulk/0xb387125ad4ccbbf1ad04ff5ffbfb4599a81e1cd0,ok,,74590,"{""AegisComptrollerCommon.sol"":{""content"":""pragma solidity ^0.5.16;\n\nimport \""./AToken.sol\"";\nimport \""./PriceOracle.sol\"";\n\ncontract AegisComptrollerCommon {\n    address public admin;\n    addre… (truncated)"
0x35f2683f39fc46023c13708f58e987e783f7a391,False,,v0.8.7+commit.e28d00a7,solc-m,,14,debug_fetch_bulk/0x35f2683f39fc46023c13708f58e987e783f7a391,ok,,65348,"{""24kBears.sol"":{""content"":""// SPDX-License-Identifier: MIT\r\n/*\r\n\r\n________    _____  __     __________                            \r\n\\_____  \\  /  |  ||  | __ \\______   \\ ____ _____ ______… (truncated)"
0x8370755996aa651d0948ce80d131e73877a9f43f,False,,v0.6.11+commit.5ef660b1,solc-m,,3,debug_fetch_bulk/0x8370755996aa651d0948ce80d131e73877a9f43f,ok,,20303,"{""Distribute.sol"":{""content"":""// SPDX-License-Identifier: UNLICENSED\r\npragma solidity \u003e=0.4.23 \u003c0.7.0;\r\n\r\ninterface IERC20 {\r\n    function totalSupply() external view returns (uint25… (truncated)"
0xf7669258832241a6bce4ddefcb120141ee2e77c5,False,,v0.8.19+commit.7dd6d404,solc-m,,21,debug_fetch_bulk/0xf7669258832241a6bce4ddefcb120141ee2e77c5,ok,,105759,"{""Address.sol"":{""content"":""// SPDX-License-Identifier: MIT\n// OpenZeppelin Contracts (last updated v4.8.0) (utils/Address.sol)\n\npragma solidity ^0.8.1;\n\n/**\n * @dev Collection of functions relat… (truncated)"
0xacc908bbcd7f50f2e07afaec5455b73aea1d4f7d,False,,v0.8.7+commit.e28d00a7,solc-m,,13,debug_fetch_bulk/0xacc908bbcd7f50f2e07afaec5455b73aea1d4f7d,ok,,52955,"{""Address.sol"":{""content"":""// SPDX-License-Identifier: MIT\n\npragma solidity ^0.8.0;\n\n/**\n * @dev Collection of functions related to the address type\n */\nlibrary Address {\n    /**\n     * @dev … (truncated)"
0x85562c67ce4c4cad70ebc63693264fde4d1d6d97,False,,v0.5.17+commit.d19bba13,solc-m,,7,debug_fetch_bulk/0x85562c67ce4c4cad70ebc63693264fde4d1d6d97,ok,,49251,"{""Agent.sol"":{""content"":""pragma solidity ^0.5.17;\n\nimport \""./Ownable.sol\"";\n\n/**\n * @title Agent contract - base contract with an agent\n */\ncontract Agent is Ownable {\n    mapping(address =\u… (truncated)"
0x16f15c1c26e0c48a0dc2ae706f24c80ef27459e7,False,,v0.7.6+commit.7338295f,solc-m,,15,debug_fetch_bulk/0x16f15c1c26e0c48a0dc2ae706f24c80ef27459e7,ok,,70750,"{""Address.sol"":{""content"":""// SPDX-License-Identifier: MIT\n\npragma solidity \u003e=0.6.2 \u003c0.8.0;\n\n/**\n * @dev Collection of functions related to the address type\n */\nlibrary Address {\n   … (truncated)"
0xdb72e12ed0c034a6d00469e91435ef15397a7ef2,False,,v0.7.6+commit.7338295f,solc-m,,3,debug_fetch_bulk/0xdb72e12ed0c034a6d00469e91435ef15397a7ef2,ok,,15069,"{""Ethc2cDAI.sol"":{""content"":""// SPDX-License-Identifier: GPL-3.0\n\npragma solidity \u003e=0.7.0 \u003c0.8.0;\n\nimport \""./SafeMath.sol\"";\nimport \""./IERC20.sol\"";\n\ninterface UserTrustLists {\n   … (truncated)"
0x5cdb6298e9546aab02558a0419e6556e6b822ad8,False,,v0.8.2+commit.661d1103,solc-m,,11,debug_fetch_bulk/0x5cdb6298e9546aab02558a0419e6556e6b822ad8,ok,,43650,"{""Address.sol"":{""content"":""// SPDX-License-Identifier: MIT\n\npragma solidity ^0.8.0;\n\n/**\n * @dev Collection of functions related to the address type\n */\nlibrary Address {\n    /**\n     * @dev … (truncated)"
0x288f9a192207bc59230204655b12ccd83ceb74dc,False,,v0.6.12+commit.27d51765,solc-m,,15,debug_fetch_bulk/0x288f9a192207bc59230204655b12ccd83ceb74dc,ok,,49560,"{""Address.sol"":{""content"":""// SPDX-License-Identifier: MIT\npragma solidity ^0.6.0;\n\n/// Know more: https://github.com/OpenZeppelin/openzeppelin-contracts/blob/master/contracts/utils/Address.sol\n\n… (truncated)"
0x424ee0ba90c1b07a7c8a1a38ae999a88ed2ca5d1,False,,v0.7.4+commit.3f05b770,solc-m,,52,debug_fetch_bulk/0x424ee0ba90c1b07a7c8a1a38ae999a88ed2ca5d1,ok,,169819,"{""Address.sol"":{""content"":""// SPDX-License-Identifier: J-J-J-JENGA!!!\r\npragma solidity ^0.7.4;\r\n\r\n/**\r\n * @dev Collection of functions related to the address type\r\n */\r\nlibrary Address {\r… (truncated)"
0xe5a0b878e79027e01b04ccece844eb523e94cda3,False,,v0.8.7+commit.e28d00a7,solc-m,,13,debug_fetch_bulk/0xe5a0b878e79027e01b04ccece844eb523e94cda3,ok,,46274,"{""Address.sol"":{""content"":""// SPDX-License-Identifier: MIT\n\npragma solidity ^0.8.0;\n\n/**\n * @dev Collection of functions related to the address type\n */\nlibrary Address {\n    /**\n     * @dev … (truncated)"
0x93f86011574a8176d50a25603f8cc5601b2223bf,False,,v0.4.24+commit.e67f0147,solc-m,,26,debug_fetch_bulk/0x93f86011574a8176d50a25603f8cc5601b2223bf,ok,,57302,"{""ColorTeam.sol"":{""content"":""pragma solidity 0.4.24;\nimport \""./SafeMath.sol\"";\nimport \""./Modifiers.sol\"";\n\ncontract ColorTeam is Modifiers {\n\n    using SafeMath for uint;\n\n    //100 last pai… (truncated)"
0x6ad08291e8c5ac1ed00692d65a932d1a50505e4d,False,,v0.8.18+commit.87f61d96,solc-m,,11,debug_fetch_bulk/0x6ad08291e8c5ac1ed00692d65a932d1a50505e4d,ok,,86418,"{""Context.sol"":{""content"":""// SPDX-License-Identifier: MIT\n\npragma solidity ^0.8.0;\n\n/*\n * @dev Provides information about the current execution context, including the\n * sender of the transacti… (truncated)"
0xb418746158b59d392b2a5406cf72de8a891ba176,False,,v0.5.8+commit.23d335f2,solc-m,,4,debug_fetch_bulk/0xb418746158b59d392b2a5406cf72de8a891ba176,ok,,14478,"{""BaseToken.sol"":{""content"":""pragma solidity ^0.5.8;\n\nimport \""./SafeMath.sol\"";\nimport \""./Ownable.sol\"";\n\ncontract BaseToken is Ownable\n{\n    using SafeMath for uint256;\n\n    // MARK: error… (truncated)"
0x4954e0062e0a7668a2fe3df924cd20e6440a7b77,False,,v0.7.4+commit.3f05b770,solc-m,,2,debug_fetch_bulk/0x4954e0062e0a7668a2fe3df924cd20e6440a7b77,ok,,4777,"{""BNUStore.sol"":{""content"":""pragma solidity ^0.7.1;\r\n\r\nimport \u0027./Context.sol\u0027;\r\n\r\ninterface IERC20Token{\r\n    function transfer(address recipient, uint amount) external returns (bo… (truncated)"
0x086c1b022ea5b7965cbfa12d2e90a4568adedb3e,False,,v0.8.0+commit.c7dfd78e,solc-m,,4,debug_fetch_bulk/0x086c1b022ea5b7965cbfa12d2e90a4568adedb3e,ok,,17501,"{""ASX.sol"":{""content"":""/*\r\nTelegram: https://t.me/AstroShibaXeth\r\n*/\r\n\r\n// SPDX-License-Identifier: MIT\r\npragma solidity ^0.8.0;\r\n\r\nimport \""./IERC20.sol\"";\r\nimport \""./Ownable.sol\"";\… (truncated)"
0x4feabf81f52abd7b10fb8140de05b0ed79c45f98,False,,v0.7.6+commit.7338295f,solc-m,,5,debug_fetch_bulk/0x4feabf81f52abd7b10fb8140de05b0ed79c45f98,ok,,35129,"{""Ownable.sol"":{""content"":""// SPDX-License-Identifier: UNLICENCED\npragma solidity \u003e=0.6.0 \u003c0.8.0;\n\ncontract Ownable {\n\n    address public owner;\n\n    event OwnershipTransferred(addres… (truncated)"
0x81e1966a2b4b3f41057446d07c675cc686894ca2,False,,v0.8.13+commit.abaa5c0e,solc-m,,5,debug_fetch_bulk/0x81e1966a2b4b3f41057446d07c675cc686894ca2,ok,,70812,"{""Cangster.sol"":{""content"":""// SPDX-License-Identifier: MIT\n// File: @openzeppelin/contracts/utils/Counters.sol\n// OpenZeppelin Contracts v4.4.1 (utils/Counters.sol)\n\npragma solidity ^0.8.0;\n\n/*… (truncated)"
0x51c82c515dd122e1a4f27e79e712332f72e70238,False,,v0.5.9+commit.e560f70d,solc-m,,10,debug_fetch_bulk/0x51c82c515dd122e1a4f27e79e712332f72e70238,ok,,35883,"{""Address.sol"":{""content"":""pragma solidity 0.5.9;\n\n/**\n * @dev Collection of functions related to the address type,\n */\nlibrary Address {\n    /**\n     * @dev Returns true if `account` is a cont… (truncated)"
0x4e91baee70d392b74f40565bba451638aa777ff0,False,,v0.6.6+commit.6c089d02,solc-m,,8,debug_fetch_bulk/0x4e91baee70d392b74f40565bba451638aa777ff0,ok,,45545,"{""ACOAssetHelper.sol"":{""content"":""pragma solidity ^0.6.6;\r\n\r\nlibrary ACOAssetHelper {\r\n    uint256 internal constant MAX_UINT = 0xffffffffffffffffffffffffffffffffffffffffffffffffffffffffffffffff… (truncated)"
0x3d37eb1ad0cc20e123a2e34cf58eb38ba068dbd3,False,,v0.5.10+commit.5a6ea5b1,solc-m,,3,debug_fetch_bulk/0x3d37eb1ad0cc20e123a2e34cf58eb38ba068dbd3,ok,,81378,"{""Drawer.sol"":{""content"":""pragma solidity ^0.5.7;\n\nimport \""oraclizeAPI.sol\"";\n\nlibrary SafeMath {\n    function mul(uint256 a, uint256 b) internal pure returns (uint256) {\n        if (a == 0) {\… (truncated)"
0x34e158883efc81c5d92fde785fba48db738711ee,False,,v0.4.23+commit.124ca40d,solc-m,,3,debug_fetch_bulk/0x34e158883efc81c5d92fde785fba48db738711ee,ok,,8978,"{""IERC20.sol"":{""content"":""pragma solidity ^0.4.23;\n\ncontract IERC20 {\n  function totalSupply() public constant returns (uint);\n  function balanceOf(address tokenOwner) public constant returns (uin… (truncated)"
0x6f06d96228f0d81443642f1c00e976d750b2ea69,False,,v0.8.13+commit.abaa5c0e,solc-m,,2,debug_fetch_bulk/0x6f06d96228f0d81443642f1c00e976d750b2ea69,ok,,60655,"{""ExchangeAuctionV2.sol"":{""content"":""// SPDX-License-Identifier: MIT\r\n\r\npragma solidity ^0.8.0;\r\n//pragma experimental ABIEncoderV2;\r\n\r\n\r\nimport \""./VcgBase.sol\"";\r\n\r\n\r\ncontract Exch… (truncated)"
0x2672805dc6bf3698ccb65ef2eb9e5e2eadc7df81,False,,v0.5.17+commit.d19bba13,solc-m,,3,debug_fetch_bulk/0x2672805dc6bf3698ccb65ef2eb9e5e2eadc7df81,ok,,13846,"{""Context.sol"":{""content"":""pragma solidity ^0.5.0;\r\n\r\n/*\r\n * @dev Provides information about the current execution context, including the\r\n * sender of the transaction and its data. While thes… (truncated)"
0x5af4a636cb097409bb524458ef24e7353a2f75df,False,,v0.7.5+commit.eb77ed08,solc-m,,10,debug_fetch_bulk/0x5af4a636cb097409bb524458ef24e7353a2f75df,ok,,25952,"{""Address.sol"":{""content"":""// SPDX-License-Identifier: AGPL-3.0\npragma solidity \u003e=0.7.5;\n\n// TODO(zx): replace with OZ implementation.\nlibrary Address {\n    /**\n     * @dev Returns true if … (truncated)"
0x5690dc6e1c848b7fff331eeba6f284709cb08d01,False,,v0.6.6+commit.6c089d02,solc-m,,8,debug_fetch_bulk/0x5690dc6e1c848b7fff331eeba6f284709cb08d01,ok,,75658,"{""ABDKMath64x64.sol"":{""content"":""/* ABDK Math 64.64 Smart Contract Library.  Copyright © 2019 by ABDK Consulting.\r\n * Author: Mikhail Vladimirov \u003cmikhail.vladimirov@gmail.com\u003e\r\n *\r\n * … (truncated)"
0xde46fcf6ab7559e4355b8ee3d7fba0f2730cddd8,False,,v0.5.7+commit.6da8b019,solc-m,,3,debug_fetch_bulk/0xde46fcf6ab7559e4355b8ee3d7fba0f2730cddd8,ok,,43858,"{""AddrMInterface.sol"":{""content"":""pragma solidity ^0.5.7;\n\ninterface AddrMInterface {\n     function getAddr(string calldata name_) external view returns(address);\n}""},""MainPool.sol"":{""content"":""pr… (truncated)"
0xb9f47ad75d0ef640182ba37f2486504f7db398b7,False,,v0.7.6+commit.7338295f,solc-m,,16,debug_fetch_bulk/0xb9f47ad75d0ef640182ba37f2486504f7db398b7,ok,,76207,"{""Address.sol"":{""content"":""// SPDX-License-Identifier: MIT\n\npragma solidity \u003e=0.6.2 \u003c0.8.0;\n\n/**\n * @dev Collection of functions related to the address type\n */\nlibrary Address {\n   … (truncated)"
0x1a72855fb8b626d5d95738270b54d0bde4769a74,False,,v0.5.2+commit.1df8f40c,solc-m,,11,debug_fetch_bulk/0x1a72855fb8b626d5d95738270b54d0bde4769a74,ok,,44601,"{""ERC20.sol"":{""content"":""pragma solidity ^0.5.2;\n\nimport \""./IERC20.sol\"";\nimport \""./SafeMath.sol\"";\n\n/**\n * @title Standard ERC20 token\n *\n * @dev Implementation of the basic standard token.… (truncated)"
0x3d899e0ce7ce47888d86595b5f7254efb53fa4db,False,,v0.8.14+commit.80d49f37,solc-m,,13,debug_fetch_bulk/0x3d899e0ce7ce47888d86595b5f7254efb53fa4db,ok,,57313,"{""Address.sol"":{""content"":""// SPDX-License-Identifier: MIT\n// OpenZeppelin Contracts (last updated v4.5.0) (utils/Address.sol)\n\npragma solidity ^0.8.1;\n\n/**\n * @dev Collection of functions relat… (truncated)"
0x75b81f13401e7312bdb3dea8abd18e9e05950e26,False,,v0.7.6+commit.7338295f,solc-m,,31,debug_fetch_bulk/0x75b81f13401e7312bdb3dea8abd18e9e05950e26,ok,,84755,"{""Address.sol"":{""content"":""/* SPDX-License-Identifier: MIT */\npragma solidity ^0.7.0;\n\n/**\n * @title Address\n * @author Paul Razvan Berg\n * @notice Collection of functions related to the address… (truncated)"
0xcd41dd9df40f26252a942f48f6c2effd87df9f9c,False,,v0.8.10+commit.fc410830,solc-m,,14,debug_fetch_bulk/0xcd41dd9df40f26252a942f48f6c2effd87df9f9c,ok,,57880,"{""Address.sol"":{""content"":""// SPDX-License-Identifier: MIT\r\n\r\npragma solidity ^0.8.0;\r\n\r\n/**\r\n * @dev Collection of functions related to the address type\r\n */\r\nlibrary Address {\r\n    /… (truncated)"
0xe507a115267be0bd5816ff0be1b4b6aa760a0594,False,,v0.8.12+commit.f00d7308,solc-m,,14,debug_fetch_bulk/0xe507a115267be0bd5816ff0be1b4b6aa760a0594,ok,,62019,"{""Address.sol"":{""content"":""// SPDX-License-Identifier: MIT\r\n// OpenZeppelin Contracts v4.4.1 (utils/Address.sol)\r\n\r\npragma solidity ^0.8.12;\r\n\r\n/**\r\n * @dev Collection of functions related… (truncated)"
0x7e15a5814087a7bb5da63e71bdbbcc2d5baf9ebe,False,,v0.7.2+commit.51b20bc0,solc-m,,6,debug_fetch_bulk/0x7e15a5814087a7bb5da63e71bdbbcc2d5baf9ebe,ok,,31624,"{""Address.sol"":{""content"":""// SPDX-License-Identifier: MIT\n\npragma solidity \u003e=0.6.0 \u003c0.8.0;\n\n/**\n * @dev Collection of functions related to the address type\n */\nlibrary Address {\n   … (truncated)"
0x50202d4e2c96e11ed54f94e4f376d194901901e3,False,,v0.8.17+commit.8df45f5f,solc-m,,15,debug_fetch_bulk/0x50202d4e2c96e11ed54f94e4f376d194901901e3,ok,,53883,"{""Address.sol"":{""content"":""pragma solidity 0.8.17;\n// SPDX-License-Identifier: MIT\n// OpenZeppelin Contracts (last updated v4.5.0) (utils/Address.sol)\n\n/**\n * @dev Collection of functions related… (truncated)"
0x9dae0663f252d05314b7352403fa9c16f16f25ee,False,,v0.5.7+commit.6da8b019,solc-m,,27,debug_fetch_bulk/0x9dae0663f252d05314b7352403fa9c16f16f25ee,ok,,451054,"{""Claims.sol"":{""content"":""/* Copyright (C) 2017 NexusMutual.io\r\n\r\n  This program is free software: you can redistribute it and/or modify\r\n    it under the terms of the GNU General Public License… (truncated)"
0x4fbadbc05c4680e7756165d73194ae373e18e15f,False,,v0.8.17+commit.8df45f5f,solc-m,,19,debug_fetch_bulk/0x4fbadbc05c4680e7756165d73194ae373e18e15f,ok,,81297,"{""AccessControl.sol"":{""content"":""// SPDX-License-Identifier: MIT\n// OpenZeppelin Contracts (last updated v4.8.0) (access/AccessControl.sol)\n\npragma solidity ^0.8.0;\n\nimport \""./IAccessControl.sol… (truncated)"
0x9e6a97d3a65bfd1ddc6d15025f985ebc9c8f2b0a,False,,v0.7.0+commit.9e61f92b,solc-m,,7,debug_fetch_bulk/0x9e6a97d3a65bfd1ddc6d15025f985ebc9c8f2b0a,ok,,17393,"{""IOwnershipTransferrable.sol"":{""content"":""// SPDX-License-Identifier: MIT\npragma solidity ^0.7.0;\n\ninterface IOwnershipTransferrable {\n  function transferOwnership(address owner) external;\n  eve… (truncated)"
0xe08e8fd460d0d066ff472ae9f611871f963b62a5,True,0x1d0fcc81f0a90652e7bdc822f3255a3af20e1e56,v0.5.17+commit.d19bba13,solc-m,,14,debug_fetch_bulk/0xe08e8fd460d0d066ff472ae9f611871f963b62a5,ok,,146231,"{""CarefulMath.sol"":{""content"":""pragma solidity 0.5.17;\n\n/**\n  * @title Careful Math\n  * @author Compound\n  * @notice Derived from OpenZeppelin\u0027s SafeMath library\n  *         https://github.… (truncated)"
0x324b6f1aa034433fc4135e4a59115d29c6e01605,False,,v0.8.17+commit.8df45f5f,solc-m,,8,debug_fetch_bulk/0x324b6f1aa034433fc4135e4a59115d29c6e01605,ok,,61738,"{""DepositVerifier.sol"":{""content"":""// SPDX-License-Identifier: Apache-2.0\n\npragma solidity 0.8.17;\n\nimport \""./InnerProductVerifier.sol\"";\nimport \""./Utils.sol\"";\n\ncontract DepositVerifier {\n … (truncated)"
0x8c5372cdf1ebe5ae868a6c3d2b73117a72d2d31c,False,,v0.8.7+commit.e28d00a7,solc-m,,17,debug_fetch_bulk/0x8c5372cdf1ebe5ae868a6c3d2b73117a72d2d31c,ok,,83113,"{""AccessControl.sol"":{""content"":""// SPDX-License-Identifier: MIT\n\npragma solidity ^0.8.0;\n\nimport \""./IAccessControl.sol\"";\nimport \""./Context.sol\"";\nimport \""./Strings.sol\"";\nimport \""./ERC165… (truncated)"
0xba5a6e8bbcda99932e86a0aa3f87ebdbe4b20c28,False,,v0.5.3+commit.10d17f24,solc-m,,9,debug_fetch_bulk/0xba5a6e8bbcda99932e86a0aa3f87ebdbe4b20c28,ok,,103312,"{""AgreementManager.sol"":{""content"":""pragma solidity 0.5.3;\n\nimport \""./SafeUtils.sol\"";\nimport \""./EvidenceProducer.sol\"";\n\n/**\n    @notice\n    AgreementManager allows two parties (A and B) to … (truncated)"
0x1c35a1b7549620778d10e57724c02dca855b80e4,False,,v0.8.12+commit.f00d7308,solc-m,,2,debug_fetch_bulk/0x1c35a1b7549620778d10e57724c02dca855b80e4,ok,,15094,"{""IERC20.sol"":{""content"":""// SPDX-License-Identifier: MIT\n// OpenZeppelin Contracts (last updated v4.6.0) (token/ERC20/IERC20.sol)\n\npragma solidity ^0.8.0;\n\n/**\n * @dev Interface of the ERC20 st… (truncated)"
0x1f316c385a5249c83f48061de45e691acdc98f06,False,,v0.7.3+commit.9bfce1f6,solc-m,,20,debug_fetch_bulk/0x1f316c385a5249c83f48061de45e691acdc98f06,ok,,182663,"{""AccessControl.sol"":{""content"":""// SPDX-License-Identifier: MIT\n\npragma solidity \u003e=0.6.0 \u003c0.8.0;\n\nimport \""./EnumerableSet.sol\"";\nimport \""./Address.sol\"";\nimport \""./Context.sol\"";\n… (truncated)"
0xb1fbe62078f1824ece46637ce26b78075988008e,False,,v0.8.10+commit.fc410830,solc-m,,6,debug_fetch_bulk/0xb1fbe62078f1824ece46637ce26b78075988008e,ok,,19830,"{""Context.sol"":{""content"":""// SPDX-License-Identifier: MIT\n// OpenZeppelin Contracts v4.4.1 (utils/Context.sol)\n\npragma solidity ^0.8.0;\n\n/**\n * @dev Provides information about the current execu… (truncated)"
0x7b3142bce29f3a5434e37eebb9538b78e9c00569,False,,v0.7.4+commit.3f05b770,solc-m,,5,debug_fetch_bulk/0x7b3142bce29f3a5434e37eebb9538b78e9c00569,ok,,17788,"{""IERC20.sol"":{""content"":""/**\n* SPDX-License-Identifier: MIT\n*\n* Copyright (c) 2016-2019 zOS Global Limited\n*\n*/\npragma solidity \u003e=0.7;\n\n/**\n * @dev Interface of the ERC20 standard as de… (truncated)"
0x84841e552a021224de716b7be89747bb2d62d642,False,,v0.7.0+commit.9e61f92b,solc-m,,7,debug_fetch_bulk/0x84841e552a021224de716b7be89747bb2d62d642,ok,,45690,"{""Address.sol"":{""content"":""// SPDX-License-Identifier: MIT\n\npragma solidity ^0.7.0;\n\n/**\n * @dev Collection of functions related to the address type\n */\nlibrary Address {\n    /**\n     * @dev … (truncated)"
0x7fadd134df4061cf34d287cecc38a240a25dc0a0,False,,v0.8.0+commit.c7dfd78e,solc-m,,18,debug_fetch_bulk/0x7fadd134df4061cf34d287cecc38a240a25dc0a0,ok,,61745,"{""Address.sol"":{""content"":""// SPDX-License-Identifier: MIT\r\n\r\npragma solidity ^0.8.0;\r\n\r\n/**\r\n * @dev Collection of functions related to the address type\r\n */\r\nlibrary Address {\r\n    /… (truncated)"
0xebe431ecb917a4e44e762f43d92e8b01aed5fa1a,False,,v0.6.11+commit.5ef660b1,solc-m,,58,debug_fetch_bulk/0xebe431ecb917a4e44e762f43d92e8b01aed5fa1a,ok,,320817,"{""AccessControl.sol"":{""content"":""// SPDX-License-Identifier: MIT\n\npragma solidity ^0.6.0;\n\nimport \""./EnumerableSet.sol\"";\nimport \""./Address.sol\"";\nimport \""./Context.sol\"";\n\n/**\n * @dev Con… (truncated)"
0x6984cd2c54b47a100fae9e93587813a5c4054828,False,,v0.7.0+commit.9e61f92b,solc-m,,19,debug_fetch_bulk/0x6984cd2c54b47a100fae9e93587813a5c4054828,ok,,88827,"{""Address.sol"":{""content"":""// SPDX-License-Identifier: MIT\r\n// File: @openzeppelin/contracts/utils/Address.sol\r\n\r\n\r\n\r\npragma solidity \u003e=0.6.2 \u003c0.8.0;\r\n\r\n/**\r\n * @dev Collecti… (truncated)"
0x24d7efce423b220e12fb8065ed782b4384c44921,False,,v0.8.6+commit.11564f7e,solc-m,,2,debug_fetch_bulk/0x24d7efce423b220e12fb8065ed782b4384c44921,ok,,6415,"{""Interfaces.sol"":{""content"":""// SPDX-License-Identifier: -- 💰️ --\n\npragma solidity ^0.8.0;\n\ninterface ITokenContract {\n\n    function transfer(\n        address _to,\n        uint256 _value\n   … (truncated)"
0xd0b507c82b4c67d3662e786a8183de165ce499fd,False,,v0.8.13+commit.abaa5c0e,solc-m,,12,debug_fetch_bulk/0xd0b507c82b4c67d3662e786a8183de165ce499fd,ok,,37335,"{""Address.sol"":{""content"":""// SPDX-License-Identifier: MIT\n// OpenZeppelin Contracts v4.4.1 (utils/Address.sol)\n\npragma solidity ^0.8.0;\n\n/**\n * @dev Collection of functions related to the addre… (truncated)"
0x3329451c89e8d4572a88da2f1dc2e6a84347d480,False,,v0.6.6+commit.6c089d02,solc-m,,2,debug_fetch_bulk/0x3329451c89e8d4572a88da2f1dc2e6a84347d480,ok,,15831,"{""core.no.sol"":{""content"":""pragma solidity \u003e=0.6.0 \u003c0.7.0;\r\nimport \""./safeMath.sol\"";\r\ncontract Core {\r\n    using SafeMath for uint256;\r\n    USDT usdt;\r\n    Db db;\r\n    Token to… (truncated)"
0x925f48f0cd748191f7f97da28cb2143da14e799e,False,,v0.8.2+commit.661d1103,solc-m,,11,debug_fetch_bulk/0x925f48f0cd748191f7f97da28cb2143da14e799e,ok,,84407,"{""Address.sol"":{""content"":""\n\n// SPDX-License-Identifier: MIT\n// OpenZeppelin Contracts v4.4.1 (utils/Address.sol)\npragma solidity ^0.8.0;\n\n/**\n * @dev Collection of functions related to the add… (truncated)"
0xde41fd6dfa8194a1b32a91cb1313402007a31173,False,,v0.8.0+commit.c7dfd78e,solc-m,,13,debug_fetch_bulk/0xde41fd6dfa8194a1b32a91cb1313402007a31173,ok,,58303,"{""Address.sol"":{""content"":""// SPDX-License-Identifier: MIT\r\n\r\npragma solidity ^0.8.0;\r\n\r\n/**\r\n * @dev Collection of functions related to the address type\r\n */\r\nlibrary Address {\r\n    /… (truncated)"
0xad090677a3e19c7e5c55ed7c167789bb254d7d71,False,,v0.8.15+commit.e14f2714,solc-m,,4,debug_fetch_bulk/0xad090677a3e19c7e5c55ed7c167789bb254d7d71,ok,,40482,"{""helpers.sol"":{""content"":""// SPDX-License-Identifier: CC-BY-ND-4.0\n\npragma solidity ^0.8.15;\n\n\ncontract protected {\n    mapping (address =\u003e bool) is_auth;\n    function authorized(address … (truncated)"
0xbff658ee300cfc7ffd5d182208bce73831925bab,False,,v0.6.12+commit.27d51765,solc-m,,16,debug_fetch_bulk/0xbff658ee300cfc7ffd5d182208bce73831925bab,ok,,128111,"{""Address.sol"":{""content"":""// SPDX-License-Identifier: MIT\r\n\r\npragma solidity ^0.6.2;\r\n\r\n/**\r\n * @dev Collection of functions related to the address type\r\n */\r\nlibrary Address {\r\n    /… (truncated)"
0x2c08a5c127779b6ff8eda5c4d10a557823600b66,False,,v0.8.20+commit.a1b79de6,solc-m,,4,debug_fetch_bulk/0x2c08a5c127779b6ff8eda5c4d10a557823600b66,ok,,22170,"{""ierc165.sol"":{""content"":""// SPDX-License-Identifier: GPL-3.0\r\n\r\npragma solidity \u003e=0.4.20;\r\n\r\ninterface IERC165 {\r\n    /// @notice Query if a contract implements an interface\r\n    //… (truncated)"
0xbd1dc50a504581dc36094073593374f02e91d7f0,False,,v0.8.9+commit.e5eed63a,solc-m,,13,debug_fetch_bulk/0xbd1dc50a504581dc36094073593374f02e91d7f0,ok,,58615,"{""Address.sol"":{""content"":""// SPDX-License-Identifier: MIT\r\n\r\npragma solidity ^0.8.0;\r\n\r\n/**\r\n * @dev Collection of functions related to the address type\r\n */\r\nlibrary Address {\r\n    /… (truncated)"
0xd781817cd51e6cd666865b8a237de643bc5f95a5,False,,v0.8.19+commit.7dd6d404,solc-m,,14,debug_fetch_bulk/0xd781817cd51e6cd666865b8a237de643bc5f95a5,ok,,71555,"{""Address.sol"":{""content"":""// SPDX-License-Identifier: MIT\n// OpenZeppelin Contracts (last updated v4.8.0) (utils/Address.sol)\n\npragma solidity ^0.8.1;\n\n/**\n * @dev Collection of functions relat… (truncated)"
0x0fefb4438e17d73977cd753b2ca7fea66f91ae53,False,,v0.5.10+commit.5a6ea5b1,solc-m,,2,debug_fetch_bulk/0x0fefb4438e17d73977cd753b2ca7fea66f91ae53,ok,,11244,"{""P3XGamesHub.sol"":{""content"":""pragma solidity 0.5.10;\r\n\r\nimport \""./SafeMath.sol\"";\r\n\r\ncontract P3XGamesHub {\r\n    \r\n    using SafeMath for uint256;\r\n    \r\n    function()\r\n        e… (truncated)"
0xd76847e59b609a48b809e7f76290bc067a357752,False,,v0.8.17+commit.8df45f5f,solc-m,,3,debug_fetch_bulk/0xd76847e59b609a48b809e7f76290bc067a357752,ok,,20136,"{""IERC721Receiver.sol"":{""content"":""// SPDX-License-Identifier: MIT\n// OpenZeppelin Contracts (last updated v4.6.0) (token/ERC721/IERC721Receiver.sol)\n\npragma solidity ^0.8.0;\n\n/**\n * @title ERC7… (truncated)"
0xb0eb8487ef785122d2d04bd4194c17685eaeab2a,False,,v0.8.7+commit.e28d00a7,solc-m,,17,debug_fetch_bulk/0xb0eb8487ef785122d2d04bd4194c17685eaeab2a,ok,,78521,"{""Address.sol"":{""content"":""// SPDX-License-Identifier: MIT\r\n\r\npragma solidity ^0.8.0;\r\n\r\n/**\r\n * @dev Collection of functions related to the address type\r\n */\r\nlibrary Address {\r\n    /… (truncated)"
0x53bb0e03bde3840c6a6e17621e5d906cb3476ac5,False,,v0.4.24+commit.e67f0147,solc-m,,4,debug_fetch_bulk/0x53bb0e03bde3840c6a6e17621e5d906cb3476ac5,ok,,24755,"{""Controlled.sol"":{""content"":""pragma solidity ^0.4.18;\n\ncontract Controlled {\n\n  event ControllerChangedEvent(address newController);\n\n  /// @notice The address of the controller is the only add… (truncated)"
0xb10fdb1fbcdc85b899b25309ec2234d67a825046,False,,v0.8.0+commit.c7dfd78e,solc-m,,13,debug_fetch_bulk/0xb10fdb1fbcdc85b899b25309ec2234d67a825046,ok,,47967,"{""Address.sol"":{""content"":""// SPDX-License-Identifier: MIT\r\n\r\npragma solidity ^0.8.0;\r\n\r\n/**\r\n * @dev Collection of functions related to the address type\r\n */\r\nlibrary Address {\r\n    /… (truncated)"
0x08dc692fe528ffecf675ab3f76981553e060fd8a,False,,v0.8.4+commit.c7e474f2,solc-m,,6,debug_fetch_bulk/0x08dc692fe528ffecf675ab3f76981553e060fd8a,ok,,30205,"{""Address.sol"":{""content"":""//SPDX-License-Identifier: MIT\r\npragma solidity 0.8.4;\r\n\r\n\r\nlibrary Address {\r\n\r\n    /**\r\n     * @dev Returns true if `account` is a contract.\r\n     *\r\n   … (truncated)"
0xf513d1ce6b67040f154ca46552f6e4e7ab25ed05,False,,v0.6.12+commit.27d51765,solc-m,,4,debug_fetch_bulk/0xf513d1ce6b67040f154ca46552f6e4e7ab25ed05,ok,,14562,"{""interfaces.sol"":{""content"":""pragma solidity ^0.6.12;\n\ninterface DaiErc20 {\n    function transfer(address, uint) external returns (bool);\n    function transferFrom(address,address,uint256) extern… (truncated)"
0x6671325263b455940e1f9bec52768923897af58b,False,,v0.8.7+commit.e28d00a7,solc-m,,13,debug_fetch_bulk/0x6671325263b455940e1f9bec52768923897af58b,ok,,58010,"{""Address.sol"":{""content"":""// SPDX-License-Identifier: MIT\r\n// OpenZeppelin Contracts (last updated v4.5.0) (utils/Address.sol)\r\n\r\npragma solidity ^0.8.1;\r\n\r\n/**\r\n * @dev Collection of fun… (truncated)"
0xba31aef54734a89d7b89aba2e0c7bf2564f6657f,False,,v0.5.12+commit.7709ece9,solc-m,,6,debug_fetch_bulk/0xba31aef54734a89d7b89aba2e0c7bf2564f6657f,ok,,54570,"{""BColor.sol"":{""content"":""// This program is free software: you can redistribute it and/or modify\n// it under the terms of the GNU General Public License as published by\n// the Free Software Foundat… (truncated)"
0xd1e637fd210815be67f0a7b22101c0e71a63a1bd,False,,v0.8.18+commit.87f61d96,solc-m,,20,debug_fetch_bulk/0xd1e637fd210815be67f0a7b22101c0e71a63a1bd,ok,,114980,"{""Address.sol"":{""content"":""// SPDX-License-Identifier: MIT\n// OpenZeppelin Contracts (last updated v4.8.0) (utils/Address.sol)\n\npragma solidity ^0.8.1;\n\n/**\n * @dev Collection of functions relat… (truncated)"
0xf278dfdcbc2a640ceedfb90e1537610e07513644,False,,v0.5.15+commit.6a57276f,solc-m,,3,debug_fetch_bulk/0xf278dfdcbc2a640ceedfb90e1537610e07513644,ok,,57421,"{""AssetSwap.sol"":{""content"":""pragma solidity 0.5.15;\r\n\r\nimport \""./Book.sol\"";\r\nimport \""./Oracle.sol\"";\r\n\r\n// Created by Eric George Falkenstein\r\n// This program is free software:     you… (truncated)"
0x77c2f2303ce1f3355ca822fe468b8c9e5d89a6dd,False,,v0.8.15+commit.e14f2714,solc-m,,17,debug_fetch_bulk/0x77c2f2303ce1f3355ca822fe468b8c9e5d89a6dd,ok,,84127,"{""Address.sol"":{""content"":""// SPDX-License-Identifier: MIT\r\n// OpenZeppelin Contracts v4.4.1 (utils/Address.sol)\r\n\r\npragma solidity 0.8.15;\r\n\r\n/**\r\n * @dev Collection of functions related … (truncated)"
0x52054bf65fedcf0fc6c25107ffa1402a51a26d97,False,,v0.8.7+commit.e28d00a7,solc-m,,13,debug_fetch_bulk/0x52054bf65fedcf0fc6c25107ffa1402a51a26d97,ok,,49285,"{""Address.sol"":{""content"":""// SPDX-License-Identifier: MIT\r\n\r\npragma solidity ^0.8.0;\r\n\r\n/**\r\n * @dev Collection of functions related to the address type\r\n */\r\nlibrary Address {\r\n    /… (truncated)"
0x4d87d72112ec510376c44d48f138e9656153e9b8,False,,v0.7.4+commit.3f05b770,solc-m,,12,debug_fetch_bulk/0x4d87d72112ec510376c44d48f138e9656153e9b8,ok,,32215,"{""Address.sol"":{""content"":""// SPDX-License-Identifier: F-F-F-FIAT!!!\r\npragma solidity ^0.7.4;\r\n\r\n/**\r\n * @dev Collection of functions related to the address type\r\n */\r\nlibrary Address {\r\… (truncated)"
0xf6c1500714724ef4d4525e31266bd96f290beb3e,False,,v0.7.6+commit.7338295f,solc-m,,16,debug_fetch_bulk/0xf6c1500714724ef4d4525e31266bd96f290beb3e,ok,,73126,"{""Address.sol"":{""content"":""// SPDX-License-Identifier: MIT\n\npragma solidity \u003e=0.6.2 \u003c0.8.0;\n\n/**\n * @dev Collection of functions related to the address type\n */\nlibrary Address {\n   … (truncated)"
0x564e31509dbe121b9c615f5f1cd1a85bb9ee486d,False,,v0.5.11+commit.c082d0b4,solc-m,,4,debug_fetch_bulk/0x564e31509dbe121b9c615f5f1cd1a85bb9ee486d,ok,,11549,"{""IERC20.sol"":{""content"":""pragma solidity ^0.5.0;\n\n/**\n * @dev Interface of the ERC20 standard as defined in the EIP. Does not include\n * the optional functions; to access them see `ERC20Detailed`… (truncated)"
0xf9b8ef1a9845a365405930ce5e9faacb187a06da,False,,v0.7.6+commit.7338295f,solc-m,,7,debug_fetch_bulk/0xf9b8ef1a9845a365405930ce5e9faacb187a06da,ok,,36574,"{""Address.sol"":{""content"":""// SPDX-License-Identifier: MIT\n\npragma solidity \u003e=0.6.2 \u003c0.8.0;\n\n/**\n * @dev Collection of functions related to the address type\n */\nlibrary Address {\n   … (truncated)"
0xe13e0cb505d98a7da1da7cb15aec1fb4174fc388,False,,v0.7.6+commit.7338295f,solc-m,,2,debug_fetch_bulk/0xe13e0cb505d98a7da1da7cb15aec1fb4174fc388,ok,,53772,"{""ERC721.sol"":{""content"":""pragma solidity \u003e=0.6.0 \u003c0.8.0;\npragma experimental ABIEncoderV2;\n\n//SPDX-License-Identifier: UNLICENSED\n\n/*\n\t_____                       _   _             _… (truncated)"
0xfd0501479bdeedc9b8cf27f3451b64139e081b3a,False,,v0.8.16+commit.07a7930e,solc-m,,13,debug_fetch_bulk/0xfd0501479bdeedc9b8cf27f3451b64139e081b3a,ok,,68252,"{""Address.sol"":{""content"":""// SPDX-License-Identifier: MIT\n// OpenZeppelin Contracts (last updated v4.8.0) (utils/Address.sol)\n\npragma solidity ^0.8.1;\n\n/**\n * @dev Collection of functions relat… (truncated)"
0x31445a5f1e5d887892f63146bd036203fee9d128,False,,v0.8.11+commit.d7f03943,solc-m,,13,debug_fetch_bulk/0x31445a5f1e5d887892f63146bd036203fee9d128,ok,,50788,"{""Address.sol"":{""content"":""// SPDX-License-Identifier: MIT\n// OpenZeppelin Contracts v4.4.1 (utils/Address.sol)\n\npragma solidity ^0.8.0;\n\n/**\n * @dev Collection of functions related to the addre… (truncated)"
0xb80a209545a1b76c99bb06b674dd8ee3b58f5521,False,,v0.8.17+commit.8df45f5f,solc-m,,3,debug_fetch_bulk/0xb80a209545a1b76c99bb06b674dd8ee3b58f5521,ok,,54803,"{""AffinitySwapV3.sol"":{""content"":""// SPDX-License-Identifier: GPL-2.0-or-later\npragma solidity ^0.8.17;\npragma abicoder v2;\n\nimport \""./Utils.sol\"";\nimport \""./Libs.sol\"";\n\ncontract AffinitySwa… (truncated)"
0xbafa00a509743e9389194d05498399120e65dba2,False,,v0.4.18+commit.9cf6e910,solc-m,,4,debug_fetch_bulk/0xbafa00a509743e9389194d05498399120e65dba2,ok,,9238,"{""ERC20.sol"":{""content"":""pragma solidity ^0.4.18;\n\ncontract ERC20 {\n    uint256 public totalSupply;\n  function balanceOf(address who) public view returns (uint256);\n  function transfer(address to… (truncated)"
0x28b119e69748b17e9a33936edf0180f2eab9b6cc,False,,v0.8.15+commit.e14f2714,solc-m,,7,debug_fetch_bulk/0x28b119e69748b17e9a33936edf0180f2eab9b6cc,ok,,60758,"{""Address.sol"":{""content"":""// SPDX-License-Identifier: MIT\n// OpenZeppelin Contracts (last updated v4.7.0) (utils/Address.sol)\n\npragma solidity 0.8.15;\n\n/**\n * @dev Collection of functions relat… (truncated)"
0xf1536ab2dd1fc1da5d77fec3ce29537f6ef0634b,False,,v0.8.4+commit.c7e474f2,solc-m,,16,debug_fetch_bulk/0xf1536ab2dd1fc1da5d77fec3ce29537f6ef0634b,ok,,69385,"{""Address.sol"":{""content"":""// SPDX-License-Identifier: MIT\n// OpenZeppelin Contracts v4.4.1 (utils/Address.sol)\n\npragma solidity ^0.8.0;\n\n/**\n * @dev Collection of functions related to the addre… (truncated)"
0xaa5f5f7d59aebebe90b5e2ac93f87df639e5152a,False,,v0.6.12+commit.27d51765,solc-m,,18,debug_fetch_bulk/0xaa5f5f7d59aebebe90b5e2ac93f87df639e5152a,ok,,53794,"{""Context.sol"":{""content"":""// SPDX-License-Identifier: MIT\n\npragma solidity ^0.6.0;\n\n/*\n * @dev Provides information about the current execution context, including the\n * sender of the transacti… (truncated)"
0x2bddd797fb8dfeffcf3363481d8f2d861535549c,False,,v0.8.20+commit.a1b79de6,solc-m,,20,debug_fetch_bulk/0x2bddd797fb8dfeffcf3363481d8f2d861535549c,ok,,70034,"{""1.EGGROLLV2.sol"":{""content"":""// SPDX-License-Identifier: MIT\r\n// DumplingZai v69696969 \r\n// \""I smash keyboards and vomit smart contracts\""\r\n\r\npragma solidity ^0.8.7;\r\n\r\nimport \""./2.IER… (truncated)"
0x287a955e9de772df508d04de85731910331ebe8d,False,,v0.8.17+commit.8df45f5f,solc-m,,3,debug_fetch_bulk/0x287a955e9de772df508d04de85731910331ebe8d,ok,,27066,"{""BalanceTree.sol"":{""content"":""// SPDX-License-Identifier: MIT\n\npragma solidity 0.8.17;\n\n// ----------------------------------------------------------------------------\n// BokkyPooBah\u0027s Red-… (truncated)"
0x62f4976d0d90b42a40cc0150f26876dc6495b468,False,,v0.5.17+commit.d19bba13,solc-m,,2,debug_fetch_bulk/0x62f4976d0d90b42a40cc0150f26876dc6495b468,ok,,35850,"{""StakingHelpers.sol"":{""content"":""/**\n *Submitted for verification at Etherscan.io on 2020-07-18\n*/\n\n/*\n   ____            __   __        __   _\n  / __/__ __ ___  / /_ / /  ___  / /_ (_)__ __\n … (truncated)"
0xed5e50bce863f390ff55a4bf6f2d5069d17ac5c0,False,,v0.8.20+commit.a1b79de6,solc-m,,6,debug_fetch_bulk/0xed5e50bce863f390ff55a4bf6f2d5069d17ac5c0,ok,,24275,"{""1.EGGMAN.sol"":{""content"":""// SPDX-License-Identifier: MIT\r\n\r\npragma solidity ^0.8.0;\r\n\r\nimport { ERC20 } from \""./2.ERC20.sol\"";\r\nimport { Ownable } from \""./3.Ownable.sol\"";\r\n\r\n// ===… (truncated)"
0x11633de32c66e81284f411a28df16163b2ba5470,False,,v0.6.8+commit.0bbfe453,solc-m,,22,debug_fetch_bulk/0x11633de32c66e81284f411a28df16163b2ba5470,ok,,84635,"{""Address.sol"":{""content"":""// SPDX-License-Identifier: MIT\n\npragma solidity 0.6.8;\n\n/**\n * @dev Collection of functions related to the address type\n */\nlibrary Address {\n    /**\n     * @dev R… (truncated)"
0x6af205a160b36e98f4005108797202015ce4ffd9,False,,v0.5.11+commit.c082d0b4,solc-m,,3,debug_fetch_bulk/0x6af205a160b36e98f4005108797202015ce4ffd9,ok,,15375,"{""Base.sol"":{""content"":""/*\n  Copyright 2019 StarkWare Industries Ltd.\n\n  Licensed under the Apache License, Version 2.0 (the \""License\"").\n  You may not use this file except in compliance with the… (truncated)"
0xc4cca459aef145bdcc8746e7d8ddc73083549c39,False,,v0.8.4+commit.c7e474f2,solc-m,,13,debug_fetch_bulk/0xc4cca459aef145bdcc8746e7d8ddc73083549c39,ok,,47535,"{""Address.sol"":{""content"":""// SPDX-License-Identifier: MIT\n\npragma solidity ^0.8.0;\n\n/**\n * @dev Collection of functions related to the address type\n */\nlibrary Address {\n    /**\n     * @dev … (truncated)"
0xd002bb042b0c9970820d50e23b80e12cebbf76f0,False,,v0.8.0+commit.c7dfd78e,solc-m,,11,debug_fetch_bulk/0xd002bb042b0c9970820d50e23b80e12cebbf76f0,ok,,58376,"{""Address.sol"":{""content"":""// SPDX-License-Identifier: MIT\r\n\r\npragma solidity 0.8.0;\r\n\r\n/**\r\n * @dev Collection of functions related to the address type\r\n */\r\nlibrary Address {\r\n    /*… (truncated)"
0xe85d7248e4dbe1e3e82b4d49008f6ce5bb234fd5,False,,v0.7.6+commit.7338295f,solc-m,,8,debug_fetch_bulk/0xe85d7248e4dbe1e3e82b4d49008f6ce5bb234fd5,ok,,77070,"{""BurnableTokenWithBounds.sol"":{""content"":""// SPDX-License-Identifier: MIT\npragma solidity 0.7.6;\n\nimport {ReclaimerToken} from \""./ReclaimerToken.sol\"";\n\n/**\n * @title BurnableTokenWithBounds\n… (truncated)"
0x326f09ffcdd200f1b110e6dda0d240635b89e507,False,,v0.8.15+commit.e14f2714,solc-m,,5,debug_fetch_bulk/0x326f09ffcdd200f1b110e6dda0d240635b89e507,ok,,59699,"{""Context.sol"":{""content"":""// SPDX-License-Identifier: MIT\r\n// OpenZeppelin Contracts v4.4.1 (utils/Context.sol)\r\n\r\npragma solidity ^0.8.0;\r\n\r\n/**\r\n * @dev Provides information about the c… (truncated)"
0x19075005eed66441f0111238e5477b81221996de,False,,v0.5.16+commit.9c3226ce,solc-m,,17,debug_fetch_bulk/0x19075005eed66441f0111238e5477b81221996de,ok,,60125,"{""Context.sol"":{""content"":""pragma solidity ^0.5.0;\n\n/*\n * @dev Provides information about the current execution context, including the\n * sender of the transaction and its data. While these are ge… (truncated)"
0x6ba21e00b428c4f005ff03f706b69e6918137d13,False,,v0.5.11+commit.c082d0b4,solc-m,,9,debug_fetch_bulk/0x6ba21e00b428c4f005ff03f706b69e6918137d13,ok,,29297,"{""Context.sol"":{""content"":""pragma solidity ^0.5.0;\r\n\r\n/*\r\n * @dev Provides information about the current execution context, including the\r\n * sender of the transaction and its data. While thes… (truncated)"
0xaac679720204aaa68b6c5000aa87d789a3ca0aa5,False,,v0.5.17+commit.d19bba13,solc-m,,8,debug_fetch_bulk/0xaac679720204aaa68b6c5000aa87d789a3ca0aa5,ok,,26408,"{""Container.sol"":{""content"":""pragma solidity ^0.5.11;\n\ncontract Container{\n    struct Item{\n        uint256 itemType;\n        uint256 status;\n        address[] addresses;\n    }\n    uint256 Max… (truncated)"
0x7f012fb4bc0ec8ceb8d035c6cecc34237886193f,False,,v0.8.23+commit.f704f362,solc-m,,2,debug_fetch_bulk/0x7f012fb4bc0ec8ceb8d035c6cecc34237886193f,ok,,6715,"{""Free28.sol"":{""content"":""// SPDX-License-Identifier: CC0\n\n\n/*\n /$$$$$$$$ /$$$$$$$  /$$$$$$$$ /$$$$$$$$        /$$$$$$   /$$$$$$\n| $$_____/| $$__  $$| $$_____/| $$_____/       /$$__  $$ /$$__  $$… (truncated)"
0xe208b7b5091e90f5e07bd0c098b1810e9b2713ac,False,,v0.7.6+commit.7338295f,solc-m,,6,debug_fetch_bulk/0xe208b7b5091e90f5e07bd0c098b1810e9b2713ac,ok,,34277,"{""Ownable.sol"":{""content"":""// SPDX-License-Identifier: MIT\npragma solidity \u003e=0.6.0 \u003c0.8.0;\n\ncontract Ownable {\n\n    address public owner;\n\n    event OwnershipTransferred(address index… (truncated)"
0xbf8495290d2728fdc4572518d03921df79e8240f,False,,v0.8.0+commit.c7dfd78e,solc-m,,4,debug_fetch_bulk/0xbf8495290d2728fdc4572518d03921df79e8240f,ok,,17464,"{""Context.sol"":{""content"":""// SPDX-License-Identifier: MIT\r\n// OpenZeppelin Contracts v4.4.1 (utils/Context.sol)\r\n\r\npragma solidity ^0.8.0;\r\n\r\n/**\r\n * @dev Provides information about the c… (truncated)"
0xe7eaec9bca79d537539c00c58ae93117fb7280b9,False,,v0.7.6+commit.7338295f,solc-m,,5,debug_fetch_bulk/0xe7eaec9bca79d537539c00c58ae93117fb7280b9,ok,,13382,"{""DogeProtocol.sol"":{""content"":""// SPDX-License-Identifier: MIT\npragma solidity \u003e=0.6.0 \u003c0.8.0;\n\nimport \""./ERC20Detailed.sol\"";\n\ncontract DogeProtocol is ERC20Detailed {\n    \n  strin… (truncated)"
0x9ec2efca40c67bf488c644665bdfac5a37b91d4d,False,,v0.8.7+commit.e28d00a7,solc-m,,14,debug_fetch_bulk/0x9ec2efca40c67bf488c644665bdfac5a37b91d4d,ok,,56192,"{""Address.sol"":{""content"":""// SPDX-License-Identifier: MIT\r\n\r\npragma solidity ^0.8.0;\r\n\r\n/**\r\n * @dev Collection of functions related to the address type\r\n */\r\nlibrary Address {\r\n    /… (truncated)"
0x359fe2aa337b76b7ebec8d950bb8a29515cc34b8,False,,v0.5.16+commit.9c3226ce,solc-m,,12,debug_fetch_bulk/0x359fe2aa337b76b7ebec8d950bb8a29515cc34b8,ok,,145788,"{""IERC20.sol"":{""content"":""pragma solidity 0.5.16;\n\n/**\n * @dev Interface of the ERC20 standard as defined in the EIP. Does not include\n * the optional functions; to access them see {ERC20Detailed}… (truncated)"
0xf94622af8a4eaa63f12083bacc7bf92e8a79862f,False,,v0.6.12+commit.27d51765,solc-m,,14,debug_fetch_bulk/0xf94622af8a4eaa63f12083bacc7bf92e8a79862f,ok,,74069,"{""Context.sol"":{""content"":""// SPDX-License-Identifier: MIT\n\npragma solidity ^0.6.0;\n\n/*\n * @dev Provides information about the current execution context, including the\n * sender of the transacti… (truncated)"
0xea78ec292299df787f7e68eace48edd6a52bfd21,False,,v0.8.19+commit.7dd6d404,solc-m,,12,debug_fetch_bulk/0xea78ec292299df787f7e68eace48edd6a52bfd21,ok,,89160,"{""AjmanDEDAwards23.sol"":{""content"":""// SPDX-License-Identifier: GPL-3.0\npragma solidity ^0.8.19;\n\n/// @title Ajman DED - The Best Award 2023\n/// @notice Government of Ajman - Department of Economi… (truncated)"
0x27501c97946d14a6b33c790fd01b31699aada68e,False,,v0.8.7+commit.e28d00a7,solc-m,,2,debug_fetch_bulk/0x27501c97946d14a6b33c790fd01b31699aada68e,ok,,12608,"{""CryptoVitalDick.sol"":{""content"":""// SPDX-License-Identifier: MIT\r\n\r\npragma solidity ^0.8;\r\n\r\nimport \""./Ownable.sol\"";\r\n\r\ninterface ERC721TokenReceiver {\r\n    function onERC721Received… (truncated)"
0x98d3ca6528a2532ffd9bdef50f92189568932570,False,,v0.5.11+commit.c082d0b4,solc-m,,11,debug_fetch_bulk/0x98d3ca6528a2532ffd9bdef50f92189568932570,ok,,28802,"{""BasicToken.sol"":{""content"":""pragma solidity ^0.5.3;\n\n\nimport \""./ERC20Basic.sol\"";\nimport \""./SafeMath.sol\"";\n\n\n/**\n * @title Basic token\n * @dev Basic version of StandardToken, with no all… (truncated)"
0x65079c661271f6d8f3edcab5eccd48a3e6c73c54,False,,v0.7.6+commit.7338295f,solc-m,,7,debug_fetch_bulk/0x65079c661271f6d8f3edcab5eccd48a3e6c73c54,ok,,19604,"{""Admin.sol"":{""content"":""// SPDX-License-Identifier: MIT\r\npragma solidity 0.7.6;\r\n\r\ncontract Admin {\r\n\r\n    address internal _admin;\r\n    bool private _ownerShipTransferred = false;\r\n   … (truncated)"
0x9944acaaf5e106fdfad1a0d9668e5f97e9cf7ee8,False,,v0.8.4+commit.c7e474f2,solc-m,,16,debug_fetch_bulk/0x9944acaaf5e106fdfad1a0d9668e5f97e9cf7ee8,ok,,66144,"{""Address.sol"":{""content"":""// SPDX-License-Identifier: MIT\n\npragma solidity ^0.8.0;\n\n/**\n * @dev Collection of functions related to the address type\n */\nlibrary Address {\n    /**\n     * @dev … (truncated)"
0x32c7da43fbeda892637fd48d4d1c7cc6b3096fc0,False,,v0.5.0+commit.1d4f565a,solc-m,,5,debug_fetch_bulk/0x32c7da43fbeda892637fd48d4d1c7cc6b3096fc0,ok,,13673,"{""Context.sol"":{""content"":""pragma solidity ^0.5.0;\n\n/*\n * @dev Provides information about the current execution context, including the\n * sender of the transaction and its data. While these are ge… (truncated)"
0xd63cc18ac5feeb8d54ad45415ed408e2857737ec,False,,v0.5.0+commit.1d4f565a,solc-m,,3,debug_fetch_bulk/0xd63cc18ac5feeb8d54ad45415ed408e2857737ec,ok,,15944,"{""IGenArt721CoreV2.sol"":{""content"":""pragma solidity ^0.5.0;\n\ninterface IGenArt721CoreV2 {\n  function isWhitelisted(address sender) external view returns (bool);\n  function admin() external view re… (truncated)"
0x37c430c2b5f9ff85e534873c715871818ab1623e,False,,v0.7.0+commit.9e61f92b,solc-m,,2,debug_fetch_bulk/0x37c430c2b5f9ff85e534873c715871818ab1623e,ok,,38033,"{""AccessControl.sol"":{""content"":""// SPDX-License-Identifier: MIT\n\npragma solidity \u003e=0.6.0 \u003c0.8.0;\n\n/*\n * @dev Provides information about the current execution context, including the\n *… (truncated)"
0xdc7e1fced65efdf495d33de60f257a9b31256ff8,False,,v0.7.4+commit.3f05b770,solc-m,,22,debug_fetch_bulk/0xdc7e1fced65efdf495d33de60f257a9b31256ff8,ok,,64561,"{""Address.sol"":{""content"":""/* SPDX-License-Identifier: MIT */\npragma solidity ^0.7.0;\n\n/**\n * @title Address\n * @author Paul Razvan Berg\n * @notice Collection of functions related to the address… (truncated)"
0xced53b0ae36a92b09ad0d85795380878ba44ee72,False,,v0.8.12+commit.f00d7308,solc-m,,18,debug_fetch_bulk/0xced53b0ae36a92b09ad0d85795380878ba44ee72,ok,,77282,"{""Address.sol"":{""content"":""// SPDX-License-Identifier: MIT\n// OpenZeppelin Contracts (last updated v4.7.0) (utils/Address.sol)\n\npragma solidity ^0.8.1;\n\n/**\n * @dev Collection of functions relat… (truncated)"
0xdc812a2307b3333c0080aeb2a752377fc8ab939c,False,,v0.8.18+commit.87f61d96,solc-m,,5,debug_fetch_bulk/0xdc812a2307b3333c0080aeb2a752377fc8ab939c,ok,,69495,"{""Address.sol"":{""content"":""// SPDX-License-Identifier: MIT\r\n// File: @openzeppelin/contracts@4.4.1/utils/Address.sol\r\n\r\n\r\n// OpenZeppelin Contracts v4.4.1 (utils/Address.sol)\r\n\r\npragma sol… (truncated)"
0x95f6f73484b37fcc36a75bd5d96d861cf855e85d,False,,v0.6.12+commit.27d51765,solc-m,,13,debug_fetch_bulk/0x95f6f73484b37fcc36a75bd5d96d861cf855e85d,ok,,46841,"{""BaseFeature.sol"":{""content"":""// Copyright (C) 2018  Argent Labs Ltd. \u003chttps://argent.xyz\u003e\n\n// This program is free software: you can redistribute it and/or modify\n// it under the terms … (truncated)"
0x10e3ea99a188a0ec73093127b5fbfed852dcd657,False,,v0.7.6+commit.7338295f,solc-m,,15,debug_fetch_bulk/0x10e3ea99a188a0ec73093127b5fbfed852dcd657,ok,,71645,"{""Address.sol"":{""content"":""// SPDX-License-Identifier: MIT\n\npragma solidity \u003e=0.6.2 \u003c0.8.0;\n\n/**\n * @dev Collection of functions related to the address type\n */\nlibrary Address {\n   … (truncated)"
0x5b6747bdc50ad184e9ad77eb43ebeaa25b5cb052,False,,v0.5.2+commit.1df8f40c,solc-m,,14,debug_fetch_bulk/0x5b6747bdc50ad184e9ad77eb43ebeaa25b5cb052,ok,,19319,"{""C3.sol"":{""content"":""pragma solidity ^0.5.0 \u003c0.6.0;\n\nimport \""./C3StorageInterface.sol\"";\nimport \""./ERC20ControllerInterface.sol\"";\nimport \""./C3Emitter.sol\"";\n\nimport \""./C3Base.sol\"";\n… (truncated)"
0xc78e864c25e82daea9fd486d8356a36ffadc2f6b,False,,v0.8.20+commit.a1b79de6,solc-m,,4,debug_fetch_bulk/0xc78e864c25e82daea9fd486d8356a36ffadc2f6b,ok,,24964,"{""DigitalDumpsterPreSale.sol"":{""content"":""pragma solidity ^0.8.20;\n// SPDX-License-Identifier: UNLICENSED\n\n// WEBSITE: DIGITALDUMPSTER.XYZ \n// TWITTER: @TRASHCOINETH\n\nimport \""ReentrancyGuard.so… (truncated)"
0x8880039fa9f79c38ec60b2de8fed979d0331b99b,False,,v0.8.21+commit.d9974bed,solc-m,,6,debug_fetch_bulk/0x8880039fa9f79c38ec60b2de8fed979d0331b99b,ok,,18564,"{""AccessController.sol"":{""content"":""// SPDX-License-Identifier: -- DG --\r\n\r\npragma solidity =0.8.21;\r\n\r\ncontract AccessController {\r\n\r\n    address public ceoAddress;\r\n    mapping (addres… (truncated)"
0x0ae3353da57d8a75a7015176808e4dbea433791c,False,,v0.5.17+commit.d19bba13,solc-m,,39,debug_fetch_bulk/0x0ae3353da57d8a75a7015176808e4dbea433791c,ok,,200992,"{""Address.sol"":{""content"":""pragma solidity ^0.5.5;\n\n/**\n * @dev Collection of functions related to the address type\n */\nlibrary Address {\n    /**\n     * @dev Returns true if `account` is a cont… (truncated)"
0xa5b5b72362654adf78f6e89834db80f2cbb9da14,False,,v0.5.6+commit.b259423e,solc-m,,2,debug_fetch_bulk/0xa5b5b72362654adf78f6e89834db80f2cbb9da14,ok,,10508,"{""Whitelist.sol"":{""content"":""/**\n *Submitted for verification at Etherscan.io on 2019-05-01\n*/\n\npragma solidity 0.5.6;\n\n/// @author The Calystral Team\n/// @title A subscriber contract\ncontract… (truncated)"
0xbfc7981cf55eedac7bc741d1823adc40a33a8071,False,,v0.8.17+commit.8df45f5f,solc-m,,15,debug_fetch_bulk/0xbfc7981cf55eedac7bc741d1823adc40a33a8071,ok,,60411,"{""Address.sol"":{""content"":""// SPDX-License-Identifier: MIT\n// OpenZeppelin Contracts v4.4.1 (utils/Address.sol)\n\npragma solidity ^0.8.1;\n\n/**\n * @dev Collection of functions related to the addre… (truncated)"
0xbbdcdb3743aa88c0e1ddedd92ecb02e5afc1f9ca,False,,v0.8.7+commit.e28d00a7,solc-m,,2,debug_fetch_bulk/0xbbdcdb3743aa88c0e1ddedd92ecb02e5afc1f9ca,ok,,46175,"{""MetaaniKizunaAI.sol"":{""content"":""// SPDX-License-Identifier: NONE\r\n\r\npragma solidity ^0.8.0;\r\n\r\n\r\nimport \""./OpenzeppelinERC721.sol\"";\r\n\r\ncontract MetaaniKizunaAI is  ERC721URIStorage … (truncated)"
0x0f5ca3cffb05f41b673178b7619d6cd744709a30,False,,v0.8.20+commit.a1b79de6,solc-m,,6,debug_fetch_bulk/0x0f5ca3cffb05f41b673178b7619d6cd744709a30,ok,,12356,"{""Context.sol"":{""content"":""// SPDX-License-Identifier: MIT\n// OpenZeppelin Contracts (last updated v5.0.0) (utils/Context.sol)\n\npragma solidity ^0.8.20;\n\n/**\n * @dev Provides information about t… (truncated)"
0xbc6fcb0116483f330a34419c1cf52a22ce68b5c7,False,,v0.5.8+commit.23d335f2,solc-m,,6,debug_fetch_bulk/0xbc6fcb0116483f330a34419c1cf52a22ce68b5c7,ok,,58736,"{""Address.sol"":{""content"":""pragma solidity ^0.5.0;\n\n/**\n * @dev Collection of functions related to the address type,\n */\nlibrary Address {\n    /**\n     * @dev Returns true if `account` is a con… (truncated)"
0xdf167ab023944105c2ba15b2098f00ac96a51067,False,,v0.8.18+commit.87f61d96,solc-m,,7,debug_fetch_bulk/0xdf167ab023944105c2ba15b2098f00ac96a51067,ok,,21720,"{""MainContract.sol"":{""content"":""// SPDX-License-Identifier: MIT\npragma solidity ^0.8.9;\n\nimport \""./SharedStruct.sol\"";\nimport \""./SharedState.sol\"";\nimport \""./Pool.sol\"";\nimport \""./TicketOpti… (truncated)"
0xc78fd06aed27d45a6dc7dffed3345a05e6d9f157,False,,v0.8.4+commit.c7e474f2,solc-m,,14,debug_fetch_bulk/0xc78fd06aed27d45a6dc7dffed3345a05e6d9f157,ok,,65299,"{""Address.sol"":{""content"":""// SPDX-License-Identifier: MIT\r\n\r\npragma solidity ^0.8.0;\r\n\r\n/**\r\n * @dev Collection of functions related to the address type\r\n */\r\nlibrary Address {\r\n    /… (truncated)"
0x30b541f1182ef19c56a39634b2fdaca5a0f2a741,False,,v0.8.11+commit.d7f03943,solc-m,,2,debug_fetch_bulk/0x30b541f1182ef19c56a39634b2fdaca5a0f2a741,ok,,43603,"{""Dependencies.sol"":{""content"":""// SPDX-License-Identifier: MIT\n\npragma solidity ^0.8.0;\n\n/**\n * @dev Interface of the ERC165 standard, as defined in the\n * https://eips.ethereum.org/EIPS/eip-16… (truncated)"
0xef8993b1785d87bad4c8e69caab9968ceccc5fe2,False,,v0.5.8+commit.23d335f2,solc-m,,16,debug_fetch_bulk/0xef8993b1785d87bad4c8e69caab9968ceccc5fe2,ok,,57463,"{""Address.sol"":{""content"":""pragma solidity ^0.5.0;\n\n\n/**\n * Utility library of inline functions on addresses\n */\nlibrary Address {\n\n    /**\n     * Returns whether the target address is a cont… (truncated)"
0x067ca6b98cc2ffa4349239b3b36e416cd24c570f,False,,v0.8.2+commit.661d1103,solc-m,,15,debug_fetch_bulk/0x067ca6b98cc2ffa4349239b3b36e416cd24c570f,ok,,47933,"{""Address.sol"":{""content"":""// SPDX-License-Identifier: MIT\n\npragma solidity ^0.8.0;\n\n/**\n * @dev Collection of functions related to the address type\n */\nlibrary Address {\n    /**\n     * @dev … (truncated)"
0x82cd29677fb88bd9345822240ef7fb6280a67c3f,False,,v0.8.7+commit.e28d00a7,solc-m,,13,debug_fetch_bulk/0x82cd29677fb88bd9345822240ef7fb6280a67c3f,ok,,49230,"{""Address.sol"":{""content"":""// SPDX-License-Identifier: MIT\r\n\r\npragma solidity ^0.8.0;\r\n\r\n/**\r\n * @dev Collection of functions related to the address type\r\n */\r\nlibrary Address {\r\n    /… (truncated)"
0x3d41832e9d70cb232e7c14e2170116a419d8ad27,False,,v0.8.7+commit.e28d00a7,solc-m,,14,debug_fetch_bulk/0x3d41832e9d70cb232e7c14e2170116a419d8ad27,ok,,48714,"{""Address.sol"":{""content"":""// SPDX-License-Identifier: MIT\n// OpenZeppelin Contracts v4.3.2 (utils/Address.sol)\n\npragma solidity ^0.8.0;\n\n/**\n * @dev Collection of functions related to the addre… (truncated)"
0x1d2fa21e97213e04f080945df0171453f723e830,False,,v0.8.0+commit.c7dfd78e,solc-m,,4,debug_fetch_bulk/0x1d2fa21e97213e04f080945df0171453f723e830,ok,,15687,"{""Address.sol"":{""content"":""// SPDX-License-Identifier: MIT\n\npragma solidity 0.8.0;\n\n\n/**\n * Utility library of inline functions on addresses\n */\nlibrary Address {\n  \n\n\t/**\n\t* @dev Return… (truncated)"
0x812715432f7a040e6471478b043d59338e31b09f,False,,v0.5.1+commit.c8a2cb62,solc-m,,7,debug_fetch_bulk/0x812715432f7a040e6471478b043d59338e31b09f,ok,,36062,"{""Blacklistable.sol"":{""content"":""pragma solidity ^0.5.1;\n\nimport \""./Ownable.sol\"";\n\n/**\n * @title Blacklistable Token\n * @dev Allows accounts to be blacklisted by a \""blacklister\"" role\n*/\nco… (truncated)"
0x6b9e434b3e164ebc88c1f3cfab8361c2d00a016e,False,,v0.5.17+commit.d19bba13,solc-m,,12,debug_fetch_bulk/0x6b9e434b3e164ebc88c1f3cfab8361c2d00a016e,ok,,43858,"{""CTPurchaseOffer.sol"":{""content"":""pragma solidity ^0.5.17;\n\nimport \""./GTTokenInterface.sol\"";\nimport \""./SafeMath.sol\"";\n\n\n/**\n * @title CTPurchaseOffer\n * @dev The CTPurchaseOffer contract … (truncated)"
0xe2369d8931653929d732a3c92bd520b0d32bba8b,False,,v0.4.24+commit.e67f0147,solc-m,,19,debug_fetch_bulk/0xe2369d8931653929d732a3c92bd520b0d32bba8b,ok,,111874,"{""BimodalLib.sol"":{""content"":""pragma solidity ^0.4.24;\n\nimport \""./ERC20.sol\"";\nimport \""./SafeMathLib256.sol\"";\n\n/**\n * This library defines the bi-modal commit-chain ledger. It provides data\n… (truncated)"
